date,average_cost,avg_price,bought_quantity,bought_value,market_value,order_book_id,pnl,quantity,sellable,sold_quantity,sold_value,symbol,total_orders,total_trades,transaction_cost,value_percent
2016-03-01,4.15,4.15,8000,33200.0,33200.0,600256.XSHG,0.0,8000,8000,0,0.0,广汇能源,1,1,26.56,0.332
2016-03-01,4.69,4.69,7100,33299.0,33299.0,600018.XSHG,0.0,7100,7100,0,0.0,上港集团,1,1,26.639,0.333
2016-03-01,0.0,0.0,0,0.0,0.0,600170.XSHG,0.0,0,0,0,0.0,上海建工,0,0,0.0,0.0
2016-03-02,4.15,4.15,8000,33200.0,34960.0,600256.XSHG,1760.0,8000,8000,0,0.0,广汇能源,1,1,26.56,0.339
2016-03-02,4.69,4.69,7100,33299.0,34790.0,600018.XSHG,1491.0,7100,7100,0,0.0,上港集团,1,1,26.639,0.337
2016-03-03,4.15,4.15,8000,33200.0,35040.0,600256.XSHG,1840.0,8000,8000,0,0.0,广汇能源,1,1,26.56,0.339
2016-03-03,4.69,4.69,7100,33299.0,34932.0,600018.XSHG,1633.0,7100,7100,0,0.0,上港集团,1,1,26.639,0.338
2016-03-04,4.15,4.15,8000,33200.0,35440.0,600256.XSHG,2240.0,8000,8000,0,0.0,广汇能源,1,1,26.56,0.334
2016-03-04,4.69,4.69,7100,33299.0,37062.0,600018.XSHG,3763.0,7100,7100,0,0.0,上港集团,1,1,26.639,0.35
2016-03-07,4.15,4.15,8000,33200.0,36000.0,600256.XSHG,2800.0,8000,8000,0,0.0,广汇能源,1,1,26.56,0.34
2016-03-07,4.69,4.69,7100,33299.0,36565.0,600018.XSHG,3266.0,7100,7100,0,0.0,上港集团,1,1,26.639,0.345
2016-03-08,4.15,4.15,8000,33200.0,36880.0,600256.XSHG,3680.0,8000,8000,0,0.0,广汇能源,1,1,26.56,0.344
2016-03-08,4.69,4.69,7100,33299.0,36778.0,600018.XSHG,3479.0,7100,7100,0,0.0,上港集团,1,1,26.639,0.343
2016-03-09,4.15,4.15,8000,33200.0,35120.0,600256.XSHG,1920.0,8000,8000,0,0.0,广汇能源,1,1,26.56,0.334
2016-03-09,4.69,4.69,7100,33299.0,36565.0,600018.XSHG,3266.0,7100,7100,0,0.0,上港集团,1,1,26.639,0.348
2016-03-10,4.15,4.15,8000,33200.0,34479.2,600256.XSHG,1279.2,8000,8000,0,0.0,广汇能源,1,1,26.56,0.332
2016-03-10,4.69,4.69,7100,33299.0,35784.0,600018.XSHG,2485.0,7100,7100,0,0.0,上港集团,1,1,26.639,0.345
2016-03-11,4.15,4.15,8000,33200.0,34400.0,600256.XSHG,1200.0,8000,8000,0,0.0,广汇能源,1,1,26.56,0.331
2016-03-11,4.69,4.69,7100,33299.0,35925.29,600018.XSHG,2626.29,7100,7100,0,0.0,上港集团,1,1,26.639,0.346
2016-03-14,4.15,4.15,8000,33200.0,35520.0,600256.XSHG,2320.0,8000,8000,0,0.0,广汇能源,1,1,26.56,0.338
2016-03-14,4.69,4.69,7100,33299.0,36068.0,600018.XSHG,2769.0,7100,7100,0,0.0,上港集团,1,1,26.639,0.343
2016-03-15,4.15,4.15,8000,33200.0,35040.0,600256.XSHG,1840.0,8000,8000,0,0.0,广汇能源,1,1,26.56,0.336
2016-03-15,4.69,4.69,7100,33299.0,35925.29,600018.XSHG,2626.29,7100,7100,0,0.0,上港集团,1,1,26.639,0.344
2016-03-16,4.15,4.15,8000,33200.0,34640.0,600256.XSHG,1440.0,8000,8000,0,0.0,广汇能源,1,1,26.56,0.331
2016-03-16,4.69,4.69,7100,33299.0,36423.0,600018.XSHG,3124.0,7100,7100,0,0.0,上港集团,1,1,26.639,0.349
2016-03-17,4.15,4.15,8000,33200.0,35360.0,600256.XSHG,2160.0,8000,8000,0,0.0,广汇能源,1,1,26.56,0.335
2016-03-17,4.69,4.69,7100,33299.0,36636.0,600018.XSHG,3337.0,7100,7100,0,0.0,上港集团,1,1,26.639,0.347
2016-03-18,4.15,4.15,8000,33200.0,36560.0,600256.XSHG,3360.0,8000,8000,0,0.0,广汇能源,1,1,26.56,0.343
2016-03-18,4.69,4.69,7100,33299.0,36494.0,600018.XSHG,3195.0,7100,7100,0,0.0,上港集团,1,1,26.639,0.343
2016-03-21,4.15,4.15,8000,33200.0,37360.0,600256.XSHG,4160.0,8000,8000,0,0.0,广汇能源,1,1,26.56,0.347
2016-03-21,4.69,4.69,7100,33299.0,36778.0,600018.XSHG,3479.0,7100,7100,0,0.0,上港集团,1,1,26.639,0.342
2016-03-22,4.15,4.15,8000,33200.0,36880.0,600256.XSHG,3680.0,8000,8000,0,0.0,广汇能源,1,1,26.56,0.345
2016-03-22,4.69,4.69,7100,33299.0,36494.0,600018.XSHG,3195.0,7100,7100,0,0.0,上港集团,1,1,26.639,0.342
2016-03-23,4.15,4.15,8000,33200.0,36960.0,600256.XSHG,3760.0,8000,8000,0,0.0,广汇能源,1,1,26.56,0.346
2016-03-23,4.69,4.69,7100,33299.0,36494.0,600018.XSHG,3195.0,7100,7100,0,0.0,上港集团,1,1,26.639,0.341
2016-03-24,4.15,4.15,8000,33200.0,35840.0,600256.XSHG,2640.0,8000,8000,0,0.0,广汇能源,1,1,26.56,0.341
2016-03-24,4.69,4.69,7100,33299.0,35855.0,600018.XSHG,2556.0,7100,7100,0,0.0,上港集团,1,1,26.639,0.341
2016-03-25,4.15,4.15,8000,33200.0,36000.0,600256.XSHG,2800.0,8000,8000,0,0.0,广汇能源,1,1,26.56,0.341
2016-03-25,4.69,4.69,7100,33299.0,36210.0,600018.XSHG,2911.0,7100,7100,0,0.0,上港集团,1,1,26.639,0.343
2016-03-28,4.15,4.15,8000,33200.0,35600.0,600256.XSHG,2400.0,8000,8000,0,0.0,广汇能源,1,1,26.56,0.338
2016-03-28,4.69,4.69,7100,33299.0,36352.0,600018.XSHG,3053.0,7100,7100,0,0.0,上港集团,1,1,26.639,0.345
2016-03-29,4.15,4.15,8000,33200.0,34960.0,600256.XSHG,1760.0,8000,8000,0,0.0,广汇能源,1,1,26.56,0.336
2016-03-29,4.69,4.69,7100,33299.0,35500.0,600018.XSHG,2201.0,7100,7100,0,0.0,上港集团,1,1,26.639,0.342
2016-03-30,4.15,4.15,8000,33200.0,36000.0,600256.XSHG,2800.0,8000,8000,0,0.0,广汇能源,1,1,26.56,0.341
2016-03-30,4.69,4.69,7100,33299.0,36210.0,600018.XSHG,2911.0,7100,7100,0,0.0,上港集团,1,1,26.639,0.343
2016-03-31,4.15,4.15,8000,33200.0,35920.0,600256.XSHG,2720.0,8000,8000,0,0.0,广汇能源,1,1,26.56,0.33
2016-03-31,4.69,4.69,7100,33299.0,39405.0,600018.XSHG,6106.0,7100,7100,0,0.0,上港集团,1,1,26.639,0.362
2016-04-01,0.0,0.0,0,0.0,0.0,600485.XSHG,0.0,0,0,0,0.0,信威集团,0,0,0.0,0.0
2016-04-01,4.15,4.15,8000,33200.0,0.0,600256.XSHG,2800.0,0,0,8000,36000.0,广汇能源,2,2,91.36,0.0
2016-04-01,0.0,0.0,0,0.0,0.0,600153.XSHG,0.0,0,0,0,0.0,建发股份,0,0,0.0,0.0
2016-04-01,4.69,4.69,7100,33299.0,0.0,600018.XSHG,5254.0,0,0,7100,38553.0,上港集团,2,2,96.035,0.0
2016-04-01,4.525,4.525,7900,35747.5,35747.5,600170.XSHG,0.0,7900,7900,0,0.0,上海建工,1,1,28.598,0.331
2016-04-05,4.525,4.525,7900,35747.5,35878.64,600170.XSHG,131.14,7900,7900,0,0.0,上海建工,1,1,28.598,0.332
2016-04-06,4.525,4.525,7900,35747.5,35878.64,600170.XSHG,131.14,7900,7900,0,0.0,上海建工,1,1,28.598,0.332
2016-04-07,4.525,4.525,7900,35747.5,35220.57,600170.XSHG,-526.93,7900,7900,0,0.0,上海建工,1,1,28.598,0.328
2016-04-08,4.525,4.525,7900,35747.5,34628.07,600170.XSHG,-1119.43,7900,7900,0,0.0,上海建工,1,1,28.598,0.324
2016-04-11,4.525,4.525,7900,35747.5,35813.07,600170.XSHG,65.57,7900,7900,0,0.0,上海建工,1,1,28.598,0.332
2016-04-12,4.525,4.525,7900,35747.5,35155.0,600170.XSHG,-592.5,7900,7900,0,0.0,上海建工,1,1,28.598,0.328
2016-04-13,4.525,4.525,7900,35747.5,35484.43,600170.XSHG,-263.07,7900,7900,0,0.0,上海建工,1,1,28.598,0.33
2016-04-14,4.525,4.525,7900,35747.5,35550.0,600170.XSHG,-197.5,7900,7900,0,0.0,上海建工,1,1,28.598,0.33
2016-04-15,4.525,4.525,7900,35747.5,35813.07,600170.XSHG,65.57,7900,7900,0,0.0,上海建工,1,1,28.598,0.332
2016-04-18,4.525,4.525,7900,35747.5,36142.5,600170.XSHG,395.0,7900,7900,0,0.0,上海建工,1,1,28.598,0.334
2016-04-19,4.525,4.525,7900,35747.5,35878.64,600170.XSHG,131.14,7900,7900,0,0.0,上海建工,1,1,28.598,0.332
2016-04-20,4.525,4.525,7900,35747.5,34299.43,600170.XSHG,-1448.07,7900,7900,0,0.0,上海建工,1,1,28.598,0.322
2016-04-21,4.525,4.525,7900,35747.5,33838.07,600170.XSHG,-1909.43,7900,7900,0,0.0,上海建工,1,1,28.598,0.319
2016-04-22,4.525,4.525,7900,35747.5,33903.64,600170.XSHG,-1843.86,7900,7900,0,0.0,上海建工,1,1,28.598,0.32
2016-04-25,4.525,4.525,7900,35747.5,33970.0,600170.XSHG,-1777.5,7900,7900,0,0.0,上海建工,1,1,28.598,0.32
2016-04-26,4.525,4.525,7900,35747.5,34035.57,600170.XSHG,-1711.93,7900,7900,0,0.0,上海建工,1,1,28.598,0.321
2016-04-27,4.525,4.525,7900,35747.5,33772.5,600170.XSHG,-1975.0,7900,7900,0,0.0,上海建工,1,1,28.598,0.319
2016-04-28,4.525,4.525,7900,35747.5,33575.0,600170.XSHG,-2172.5,7900,7900,0,0.0,上海建工,1,1,28.598,0.318
2016-04-29,4.525,4.525,7900,35747.5,33443.07,600170.XSHG,-2304.43,7900,7900,0,0.0,上海建工,1,1,28.598,0.317
2016-05-03,4.525,4.525,7900,35747.5,34035.57,600170.XSHG,-1711.93,7900,7900,0,0.0,上海建工,1,1,28.598,0.321
2016-05-04,4.525,4.525,7900,35747.5,34101.93,600170.XSHG,-1645.57,7900,7900,0,0.0,上海建工,1,1,28.598,0.321
2016-05-05,4.525,4.525,7900,35747.5,34035.57,600170.XSHG,-1711.93,7900,7900,0,0.0,上海建工,1,1,28.598,0.321
2016-05-06,0.0,0.0,0,0.0,0.0,600485.XSHG,0.0,0,0,0,0.0,信威集团,0,0,0.0,0.0
2016-05-06,0.0,0.0,0,0.0,0.0,600153.XSHG,0.0,0,0,0,0.0,建发股份,0,0,0.0,0.0
2016-05-06,0.0,0.0,0,0.0,0.0,000415.XSHE,0.0,0,0,0,0.0,渤海金控,0,0,0.0,0.0
2016-05-06,4.525,4.525,7900,35747.5,0.0,600170.XSHG,-2370.0,0,0,7900,33377.5,上海建工,2,2,88.678,0.0
2016-06-08,0.0,0.0,0,0.0,0.0,600153.XSHG,0.0,0,0,0,0.0,建发股份,0,0,0.0,0.0
2016-06-08,0.0,0.0,0,0.0,0.0,000415.XSHE,0.0,0,0,0,0.0,渤海金控,0,0,0.0,0.0
2016-06-08,11.14,11.14,3100,34534.0,34534.0,600383.XSHG,0.0,3100,3100,0,0.0,金地集团,1,1,27.627,0.328
2016-06-13,11.14,11.14,3100,34534.0,33852.0,600383.XSHG,-682.0,3100,3100,0,0.0,金地集团,1,1,27.627,0.323
2016-06-14,11.14,11.14,3100,34534.0,33696.69,600383.XSHG,-837.31,3100,3100,0,0.0,金地集团,1,1,27.627,0.322
2016-06-15,11.14,11.14,3100,34534.0,33728.0,600383.XSHG,-806.0,3100,3100,0,0.0,金地集团,1,1,27.627,0.323
2016-06-16,11.14,11.14,3100,34534.0,33945.0,600383.XSHG,-589.0,3100,3100,0,0.0,金地集团,1,1,27.627,0.324
2016-06-17,11.14,11.14,3100,34534.0,33790.0,600383.XSHG,-744.0,3100,3100,0,0.0,金地集团,1,1,27.627,0.323
2016-06-20,11.14,11.14,3100,34534.0,33759.0,600383.XSHG,-775.0,3100,3100,0,0.0,金地集团,1,1,27.627,0.323
2016-06-21,11.14,11.14,3100,34534.0,33201.0,600383.XSHG,-1333.0,3100,3100,0,0.0,金地集团,1,1,27.627,0.319
2016-06-22,11.14,11.14,3100,34534.0,33046.0,600383.XSHG,-1488.0,3100,3100,0,0.0,金地集团,1,1,27.627,0.318
2016-06-23,11.14,11.14,3100,34534.0,32860.0,600383.XSHG,-1674.0,3100,3100,0,0.0,金地集团,1,1,27.627,0.317
2016-06-24,11.14,11.14,3100,34534.0,31992.0,600383.XSHG,-2542.0,3100,3100,0,0.0,金地集团,1,1,27.627,0.311
2016-06-27,11.14,11.14,3100,34534.0,32116.0,600383.XSHG,-2418.0,3100,3100,0,0.0,金地集团,1,1,27.627,0.312
2016-06-28,11.14,11.14,3100,34534.0,32116.0,600383.XSHG,-2418.0,3100,3100,0,0.0,金地集团,1,1,27.627,0.312
2016-06-29,11.14,11.14,3100,34534.0,32333.0,600383.XSHG,-2201.0,3100,3100,0,0.0,金地集团,1,1,27.627,0.313
2016-06-30,11.14,11.14,3100,34534.0,32116.0,600383.XSHG,-2418.0,3100,3100,0,0.0,金地集团,1,1,27.627,0.312
2016-07-01,11.14,11.14,3100,34534.0,32116.0,600383.XSHG,-2418.0,3100,3100,0,0.0,金地集团,1,1,27.627,0.312
2016-07-04,11.14,11.14,3100,34534.0,32612.0,600383.XSHG,-1922.0,3100,3100,0,0.0,金地集团,1,1,27.627,0.315
2016-07-05,11.14,11.14,3100,34534.0,32767.0,600383.XSHG,-1767.0,3100,3100,0,0.0,金地集团,1,1,27.627,0.316
2016-07-06,11.14,11.14,3100,34534.0,33325.0,600383.XSHG,-1209.0,3100,3100,0,0.0,金地集团,1,1,27.627,0.32
2016-07-07,11.14,11.14,3100,34534.0,32798.0,600383.XSHG,-1736.0,3100,3100,0,0.0,金地集团,1,1,27.627,0.316
2016-07-08,11.14,11.14,3100,34534.0,32426.0,600383.XSHG,-2108.0,3100,3100,0,0.0,金地集团,1,1,27.627,0.314
2016-07-11,11.14,11.14,3100,34534.0,32240.0,600383.XSHG,-2294.0,3100,3100,0,0.0,金地集团,1,1,27.627,0.313
2016-07-12,11.14,11.14,3100,34534.0,32891.0,600383.XSHG,-1643.0,3100,3100,0,0.0,金地集团,1,1,27.627,0.317
2016-07-13,0.0,0.0,0,0.0,0.0,600654.XSHG,0.0,0,0,0,0.0,中安消,0,0,0.0,0.0
2016-07-13,0.0,0.0,0,0.0,0.0,000415.XSHE,0.0,0,0,0,0.0,渤海金控,0,0,0.0,0.0
2016-07-13,11.14,11.14,3100,34534.0,33852.0,600383.XSHG,-682.0,3100,3100,0,0.0,金地集团,1,1,27.627,0.323
2016-07-14,11.14,11.14,3100,34534.0,33418.0,600383.XSHG,-1116.0,3100,3100,0,0.0,金地集团,1,1,27.627,0.321
2016-07-15,11.14,11.14,3100,34534.0,33480.0,600383.XSHG,-1054.0,3100,3100,0,0.0,金地集团,1,1,27.627,0.321
2016-07-18,11.14,11.14,3100,34534.0,33263.0,600383.XSHG,-1271.0,3100,3100,0,0.0,金地集团,1,1,27.627,0.32
2016-07-19,11.14,11.14,3100,34534.0,32550.0,600383.XSHG,-1984.0,3100,3100,0,0.0,金地集团,1,1,27.627,0.315
2016-07-20,11.14,11.14,3100,34534.0,32550.0,600383.XSHG,-1984.0,3100,3100,0,0.0,金地集团,1,1,27.627,0.315
2016-07-21,11.14,11.14,3100,34534.0,32581.0,600383.XSHG,-1953.0,3100,3100,0,0.0,金地集团,1,1,27.627,0.315
2016-07-22,11.14,11.14,3100,34534.0,32736.0,600383.XSHG,-1798.0,3100,3100,0,0.0,金地集团,1,1,27.627,0.316
2016-07-25,11.14,11.14,3100,34534.0,32860.0,600383.XSHG,-1674.0,3100,3100,0,0.0,金地集团,1,1,27.627,0.317
2016-07-26,11.14,11.14,3100,34534.0,33170.0,600383.XSHG,-1364.0,3100,3100,0,0.0,金地集团,1,1,27.627,0.319
2016-07-27,11.14,11.14,3100,34534.0,30473.0,600383.XSHG,-4061.0,3100,3100,0,0.0,金地集团,1,1,27.627,0.297
2016-07-28,11.14,11.14,3100,34534.0,30225.0,600383.XSHG,-4309.0,3100,3100,0,0.0,金地集团,1,1,27.627,0.295
2016-07-29,11.14,11.14,3100,34534.0,30039.0,600383.XSHG,-4495.0,3100,3100,0,0.0,金地集团,1,1,27.627,0.294
2016-08-01,11.14,11.14,3100,34534.0,29573.69,600383.XSHG,-4960.31,3100,3100,0,0.0,金地集团,1,1,27.627,0.291
2016-08-02,11.14,11.14,3100,34534.0,29853.0,600383.XSHG,-4681.0,3100,3100,0,0.0,金地集团,1,1,27.627,0.293
2016-08-03,11.14,11.14,3100,34534.0,30163.0,600383.XSHG,-4371.0,3100,3100,0,0.0,金地集团,1,1,27.627,0.295
2016-08-04,11.14,11.14,3100,34534.0,30845.0,600383.XSHG,-3689.0,3100,3100,0,0.0,金地集团,1,1,27.627,0.299
2016-08-05,11.14,11.14,3100,34534.0,31465.0,600383.XSHG,-3069.0,3100,3100,0,0.0,金地集团,1,1,27.627,0.304
2016-08-08,11.14,11.14,3100,34534.0,32302.0,600383.XSHG,-2232.0,3100,3100,0,0.0,金地集团,1,1,27.627,0.309
2016-08-09,11.14,11.14,3100,34534.0,32209.0,600383.XSHG,-2325.0,3100,3100,0,0.0,金地集团,1,1,27.627,0.309
2016-08-10,11.14,11.14,3100,34534.0,31589.0,600383.XSHG,-2945.0,3100,3100,0,0.0,金地集团,1,1,27.627,0.305
2016-08-11,11.14,11.14,3100,34534.0,31123.69,600383.XSHG,-3410.31,3100,3100,0,0.0,金地集团,1,1,27.627,0.301
2016-08-12,11.14,11.14,3100,34534.0,34223.69,600383.XSHG,-310.31,3100,3100,0,0.0,金地集团,1,1,27.627,0.322
2016-08-15,5.07,5.07,7000,35490.0,35490.0,601018.XSHG,0.0,7000,7000,0,0.0,宁波港,1,1,28.392,0.323
2016-08-15,11.14,11.14,3100,34534.0,37634.0,600383.XSHG,3100.0,3100,3100,0,0.0,金地集团,1,1,27.627,0.343
2016-08-15,9.82,9.82,3700,36334.0,36334.0,000718.XSHE,0.0,3700,3700,0,0.0,苏宁环球,1,1,29.067,0.331
2016-08-16,5.07,5.07,7000,35490.0,35419.3,601018.XSHG,-70.7,7000,7000,0,0.0,宁波港,1,1,28.392,0.317
2016-08-16,11.14,11.14,3100,34534.0,40021.0,600383.XSHG,5487.0,3100,3100,0,0.0,金地集团,1,1,27.627,0.358
2016-08-16,9.82,9.82,3700,36334.0,36112.0,000718.XSHE,-222.0,3700,3700,0,0.0,苏宁环球,1,1,29.067,0.323
2016-08-17,5.07,5.07,7000,35490.0,35350.0,601018.XSHG,-140.0,7000,7000,0,0.0,宁波港,1,1,28.392,0.326
2016-08-17,11.14,11.14,3100,34534.0,37262.0,600383.XSHG,2728.0,3100,3100,0,0.0,金地集团,1,1,27.627,0.343
2016-08-17,9.82,9.82,3700,36334.0,35668.0,000718.XSHE,-666.0,3700,3700,0,0.0,苏宁环球,1,1,29.067,0.329
2016-08-18,5.07,5.07,7000,35490.0,36960.0,601018.XSHG,1470.0,7000,7000,0,0.0,宁波港,1,1,28.392,0.33
2016-08-18,11.14,11.14,3100,34534.0,38936.0,600383.XSHG,4402.0,3100,3100,0,0.0,金地集团,1,1,27.627,0.347
2016-08-18,9.82,9.82,3700,36334.0,36001.0,000718.XSHE,-333.0,3700,3700,0,0.0,苏宁环球,1,1,29.067,0.321
2016-08-19,5.07,5.07,7000,35490.0,37380.0,601018.XSHG,1890.0,7000,7000,0,0.0,宁波港,1,1,28.392,0.333
2016-08-19,11.14,11.14,3100,34534.0,39029.0,600383.XSHG,4495.0,3100,3100,0,0.0,金地集团,1,1,27.627,0.348
2016-08-19,9.82,9.82,3700,36334.0,35446.0,000718.XSHE,-888.0,3700,3700,0,0.0,苏宁环球,1,1,29.067,0.316
2016-08-22,5.07,5.07,7000,35490.0,36470.0,601018.XSHG,980.0,7000,7000,0,0.0,宁波港,1,1,28.392,0.336
2016-08-22,11.14,11.14,3100,34534.0,37293.0,600383.XSHG,2759.0,3100,3100,0,0.0,金地集团,1,1,27.627,0.343
2016-08-22,9.82,9.82,3700,36334.0,34558.0,000718.XSHE,-1776.0,3700,3700,0,0.0,苏宁环球,1,1,29.067,0.318
2016-08-23,5.07,5.07,7000,35490.0,36400.0,601018.XSHG,910.0,7000,7000,0,0.0,宁波港,1,1,28.392,0.339
2016-08-23,11.14,11.14,3100,34534.0,36487.0,600383.XSHG,1953.0,3100,3100,0,0.0,金地集团,1,1,27.627,0.339
2016-08-23,9.82,9.82,3700,36334.0,34372.63,000718.XSHE,-1961.37,3700,3700,0,0.0,苏宁环球,1,1,29.067,0.32
2016-08-24,5.07,5.07,7000,35490.0,36330.0,601018.XSHG,840.0,7000,7000,0,0.0,宁波港,1,1,28.392,0.336
2016-08-24,11.14,11.14,3100,34534.0,36642.0,600383.XSHG,2108.0,3100,3100,0,0.0,金地集团,1,1,27.627,0.339
2016-08-24,9.82,9.82,3700,36334.0,34743.0,000718.XSHE,-1591.0,3700,3700,0,0.0,苏宁环球,1,1,29.067,0.322
2016-08-25,5.07,5.07,7000,35490.0,36120.0,601018.XSHG,630.0,7000,7000,0,0.0,宁波港,1,1,28.392,0.342
2016-08-25,11.14,11.14,3100,34534.0,35154.0,600383.XSHG,620.0,3100,3100,0,0.0,金地集团,1,1,27.627,0.333
2016-08-25,9.82,9.82,3700,36334.0,34151.0,000718.XSHE,-2183.0,3700,3700,0,0.0,苏宁环球,1,1,29.067,0.323
2016-08-26,5.07,5.07,7000,35490.0,35980.0,601018.XSHG,490.0,7000,7000,0,0.0,宁波港,1,1,28.392,0.339
2016-08-26,11.14,11.14,3100,34534.0,35619.0,600383.XSHG,1085.0,3100,3100,0,0.0,金地集团,1,1,27.627,0.335
2016-08-26,9.82,9.82,3700,36334.0,34372.63,000718.XSHE,-1961.37,3700,3700,0,0.0,苏宁环球,1,1,29.067,0.324
2016-08-29,5.07,5.07,7000,35490.0,36120.0,601018.XSHG,630.0,7000,7000,0,0.0,宁波港,1,1,28.392,0.339
2016-08-29,11.14,11.14,3100,34534.0,35836.0,600383.XSHG,1302.0,3100,3100,0,0.0,金地集团,1,1,27.627,0.336
2016-08-29,9.82,9.82,3700,36334.0,34336.0,000718.XSHE,-1998.0,3700,3700,0,0.0,苏宁环球,1,1,29.067,0.322
2016-08-30,5.07,5.07,7000,35490.0,35840.0,601018.XSHG,350.0,7000,7000,0,0.0,宁波港,1,1,28.392,0.337
2016-08-30,11.14,11.14,3100,34534.0,35960.0,600383.XSHG,1426.0,3100,3100,0,0.0,金地集团,1,1,27.627,0.338
2016-08-30,9.82,9.82,3700,36334.0,34188.0,000718.XSHE,-2146.0,3700,3700,0,0.0,苏宁环球,1,1,29.067,0.322
2016-08-31,5.07,5.07,7000,35490.0,35910.0,601018.XSHG,420.0,7000,7000,0,0.0,宁波港,1,1,28.392,0.334
2016-08-31,11.14,11.14,3100,34534.0,37231.0,600383.XSHG,2697.0,3100,3100,0,0.0,金地集团,1,1,27.627,0.346
2016-08-31,9.82,9.82,3700,36334.0,34188.0,000718.XSHE,-2146.0,3700,3700,0,0.0,苏宁环球,1,1,29.067,0.318
2016-09-01,5.07,5.07,7000,35490.0,37590.0,601018.XSHG,2100.0,7000,7000,0,0.0,宁波港,1,1,28.392,0.351
2016-09-01,11.14,11.14,3100,34534.0,35743.0,600383.XSHG,1209.0,3100,3100,0,0.0,金地集团,1,1,27.627,0.334
2016-09-01,9.82,9.82,3700,36334.0,33374.0,000718.XSHE,-2960.0,3700,3700,0,0.0,苏宁环球,1,1,29.067,0.312
2016-09-02,5.07,5.07,7000,35490.0,37380.0,601018.XSHG,1890.0,7000,7000,0,0.0,宁波港,1,1,28.392,0.347
2016-09-02,11.14,11.14,3100,34534.0,36921.0,600383.XSHG,2387.0,3100,3100,0,0.0,金地集团,1,1,27.627,0.343
2016-09-02,9.82,9.82,3700,36334.0,33226.0,000718.XSHE,-3108.0,3700,3700,0,0.0,苏宁环球,1,1,29.067,0.308
2016-09-05,5.07,5.07,7000,35490.0,36750.0,601018.XSHG,1260.0,7000,7000,0,0.0,宁波港,1,1,28.392,0.344
2016-09-05,11.14,11.14,3100,34534.0,36673.0,600383.XSHG,2139.0,3100,3100,0,0.0,金地集团,1,1,27.627,0.343
2016-09-05,9.82,9.82,3700,36334.0,33189.0,000718.XSHE,-3145.0,3700,3700,0,0.0,苏宁环球,1,1,29.067,0.311
2016-09-06,5.07,5.07,7000,35490.0,36680.0,601018.XSHG,1190.0,7000,7000,0,0.0,宁波港,1,1,28.392,0.342
2016-09-06,11.14,11.14,3100,34534.0,36890.0,600383.XSHG,2356.0,3100,3100,0,0.0,金地集团,1,1,27.627,0.344
2016-09-06,9.82,9.82,3700,36334.0,33522.0,000718.XSHE,-2812.0,3700,3700,0,0.0,苏宁环球,1,1,29.067,0.312
2016-09-07,5.07,5.07,7000,35490.0,37030.0,601018.XSHG,1540.0,7000,7000,0,0.0,宁波港,1,1,28.392,0.343
2016-09-07,11.14,11.14,3100,34534.0,37076.0,600383.XSHG,2542.0,3100,3100,0,0.0,金地集团,1,1,27.627,0.344
2016-09-07,9.82,9.82,3700,36334.0,33485.0,000718.XSHE,-2849.0,3700,3700,0,0.0,苏宁环球,1,1,29.067,0.31
2016-09-08,5.07,5.07,7000,35490.0,36820.0,601018.XSHG,1330.0,7000,7000,0,0.0,宁波港,1,1,28.392,0.343
2016-09-08,11.14,11.14,3100,34534.0,37138.0,600383.XSHG,2604.0,3100,3100,0,0.0,金地集团,1,1,27.627,0.346
2016-09-08,9.82,9.82,3700,36334.0,33189.0,000718.XSHE,-3145.0,3700,3700,0,0.0,苏宁环球,1,1,29.067,0.309
2016-09-09,5.07,5.07,7000,35490.0,36470.0,601018.XSHG,980.0,7000,7000,0,0.0,宁波港,1,1,28.392,0.342
2016-09-09,11.14,11.14,3100,34534.0,37045.0,600383.XSHG,2511.0,3100,3100,0,0.0,金地集团,1,1,27.627,0.347
2016-09-09,9.82,9.82,3700,36334.0,32893.0,000718.XSHE,-3441.0,3700,3700,0,0.0,苏宁环球,1,1,29.067,0.308
2016-09-12,5.07,5.07,7000,35490.0,36680.0,601018.XSHG,1190.0,7000,7000,0,0.0,宁波港,1,1,28.392,0.342
2016-09-12,11.14,11.14,3100,34534.0,38006.0,600383.XSHG,3472.0,3100,3100,0,0.0,金地集团,1,1,27.627,0.354
2016-09-12,9.82,9.82,3700,36334.0,32338.0,000718.XSHE,-3996.0,3700,3700,0,0.0,苏宁环球,1,1,29.067,0.301
2016-09-13,5.07,5.07,7000,35490.0,36470.0,601018.XSHG,980.0,7000,7000,0,0.0,宁波港,1,1,28.392,0.343
2016-09-13,11.14,11.14,3100,34534.0,37479.0,600383.XSHG,2945.0,3100,3100,0,0.0,金地集团,1,1,27.627,0.353
2016-09-13,9.82,9.82,3700,36334.0,31968.0,000718.XSHE,-4366.0,3700,3700,0,0.0,苏宁环球,1,1,29.067,0.301
2016-09-14,5.07,5.07,7000,35490.0,36190.0,601018.XSHG,700.0,7000,7000,0,0.0,宁波港,1,1,28.392,0.343
2016-09-14,11.14,11.14,3100,34534.0,37200.0,600383.XSHG,2666.0,3100,3100,0,0.0,金地集团,1,1,27.627,0.352
2016-09-14,9.82,9.82,3700,36334.0,31893.63,000718.XSHE,-4440.37,3700,3700,0,0.0,苏宁环球,1,1,29.067,0.302
2016-09-19,29.07,29.07,1200,34884.0,34884.0,600666.XSHG,0.0,1200,1200,0,0.0,奥瑞德,1,1,27.907,0.331
2016-09-19,9.82,9.82,3700,36334.0,0.0,000718.XSHE,-4366.0,0,0,3700,31968.0,苏宁环球,2,2,86.61,0.0
2016-09-19,5.07,5.07,7000,35490.0,0.0,601018.XSHG,770.0,0,0,7000,36260.0,宁波港,2,2,93.66,0.0
2016-09-19,28.21,28.21,1200,33852.0,33852.0,000555.XSHE,0.0,1200,1200,0,0.0,神州信息,1,1,27.082,0.321
2016-09-19,3.83,3.83,9100,34853.0,34853.0,603993.XSHG,0.0,9100,9100,0,0.0,洛阳钼业,1,1,27.882,0.331
2016-09-19,11.14,11.14,3100,34534.0,0.0,600383.XSHG,2666.0,0,0,3100,37200.0,金地集团,2,2,94.587,0.0
2016-09-20,29.07,29.07,1200,34884.0,35580.0,600666.XSHG,696.0,1200,1200,0,0.0,奥瑞德,1,1,27.907,0.337
2016-09-20,28.21,28.21,1200,33852.0,33384.0,000555.XSHE,-468.0,1200,1200,0,0.0,神州信息,1,1,27.082,0.316
2016-09-20,3.83,3.83,9100,34853.0,34853.0,603993.XSHG,0.0,9100,9100,0,0.0,洛阳钼业,1,1,27.882,0.33
2016-09-21,29.07,29.07,1200,34884.0,35964.0,600666.XSHG,1080.0,1200,1200,0,0.0,奥瑞德,1,1,27.907,0.338
2016-09-21,28.21,28.21,1200,33852.0,33732.0,000555.XSHE,-120.0,1200,1200,0,0.0,神州信息,1,1,27.082,0.317
2016-09-21,3.83,3.83,9100,34853.0,34853.0,603993.XSHG,0.0,9100,9100,0,0.0,洛阳钼业,1,1,27.882,0.328
2016-09-22,29.07,29.07,1200,34884.0,35628.0,600666.XSHG,744.0,1200,1200,0,0.0,奥瑞德,1,1,27.907,0.336
2016-09-22,28.21,28.21,1200,33852.0,33708.0,000555.XSHE,-144.0,1200,1200,0,0.0,神州信息,1,1,27.082,0.318
2016-09-22,3.83,3.83,9100,34853.0,34944.0,603993.XSHG,91.0,9100,9100,0,0.0,洛阳钼业,1,1,27.882,0.329
2016-09-23,29.07,29.07,1200,34884.0,36060.0,600666.XSHG,1176.0,1200,1200,0,0.0,奥瑞德,1,1,27.907,0.34
2016-09-23,28.21,28.21,1200,33852.0,33432.0,000555.XSHE,-420.0,1200,1200,0,0.0,神州信息,1,1,27.082,0.315
2016-09-23,3.83,3.83,9100,34853.0,34762.0,603993.XSHG,-91.0,9100,9100,0,0.0,洛阳钼业,1,1,27.882,0.328
2016-09-26,29.07,29.07,1200,34884.0,35340.0,600666.XSHG,456.0,1200,1200,0,0.0,奥瑞德,1,1,27.907,0.344
2016-09-26,28.21,28.21,1200,33852.0,31788.0,000555.XSHE,-2064.0,1200,1200,0,0.0,神州信息,1,1,27.082,0.31
2016-09-26,3.83,3.83,9100,34853.0,33670.0,603993.XSHG,-1183.0,9100,9100,0,0.0,洛阳钼业,1,1,27.882,0.328
2016-09-27,29.07,29.07,1200,34884.0,35760.0,600666.XSHG,876.0,1200,1200,0,0.0,奥瑞德,1,1,27.907,0.346
2016-09-27,28.21,28.21,1200,33852.0,32244.0,000555.XSHE,-1608.0,1200,1200,0,0.0,神州信息,1,1,27.082,0.312
2016-09-27,3.83,3.83,9100,34853.0,33579.0,603993.XSHG,-1274.0,9100,9100,0,0.0,洛阳钼业,1,1,27.882,0.325
2016-09-28,29.07,29.07,1200,34884.0,35544.0,600666.XSHG,660.0,1200,1200,0,0.0,奥瑞德,1,1,27.907,0.344
2016-09-28,28.21,28.21,1200,33852.0,32040.0,000555.XSHE,-1812.0,1200,1200,0,0.0,神州信息,1,1,27.082,0.311
2016-09-28,3.83,3.83,9100,34853.0,33761.0,603993.XSHG,-1092.0,9100,9100,0,0.0,洛阳钼业,1,1,27.882,0.327
2016-09-29,29.07,29.07,1200,34884.0,35472.0,600666.XSHG,588.0,1200,1200,0,0.0,奥瑞德,1,1,27.907,0.344
2016-09-29,28.21,28.21,1200,33852.0,32004.0,000555.XSHE,-1848.0,1200,1200,0,0.0,神州信息,1,1,27.082,0.311
2016-09-29,3.83,3.83,9100,34853.0,33761.0,603993.XSHG,-1092.0,9100,9100,0,0.0,洛阳钼业,1,1,27.882,0.328
2016-09-30,29.07,29.07,1200,34884.0,34920.0,600666.XSHG,36.0,1200,1200,0,0.0,奥瑞德,1,1,27.907,0.341
2016-09-30,28.21,28.21,1200,33852.0,32040.0,000555.XSHE,-1812.0,1200,1200,0,0.0,神州信息,1,1,27.082,0.312
2016-09-30,3.83,3.83,9100,34853.0,33761.0,603993.XSHG,-1092.0,9100,9100,0,0.0,洛阳钼业,1,1,27.882,0.329
2016-10-10,29.07,29.07,1200,34884.0,32904.0,600666.XSHG,-1980.0,1200,1200,0,0.0,奥瑞德,1,1,27.907,0.321
2016-10-10,28.21,28.21,1200,33852.0,33420.0,000555.XSHE,-432.0,1200,1200,0,0.0,神州信息,1,1,27.082,0.326
2016-10-10,3.83,3.83,9100,34853.0,34398.0,603993.XSHG,-455.0,9100,9100,0,0.0,洛阳钼业,1,1,27.882,0.335
2016-10-11,29.07,29.07,1200,34884.0,33432.0,600666.XSHG,-1452.0,1200,1200,0,0.0,奥瑞德,1,1,27.907,0.324
2016-10-11,28.21,28.21,1200,33852.0,33504.0,000555.XSHE,-348.0,1200,1200,0,0.0,神州信息,1,1,27.082,0.324
2016-10-11,3.83,3.83,9100,34853.0,34489.0,603993.XSHG,-364.0,9100,9100,0,0.0,洛阳钼业,1,1,27.882,0.334
2016-10-12,29.07,29.07,1200,34884.0,32988.0,600666.XSHG,-1896.0,1200,1200,0,0.0,奥瑞德,1,1,27.907,0.323
2016-10-12,28.21,28.21,1200,33852.0,33240.0,000555.XSHE,-612.0,1200,1200,0,0.0,神州信息,1,1,27.082,0.325
2016-10-12,3.83,3.83,9100,34853.0,34216.0,603993.XSHG,-637.0,9100,9100,0,0.0,洛阳钼业,1,1,27.882,0.335
2016-10-13,29.07,29.07,1200,34884.0,33504.0,600666.XSHG,-1380.0,1200,1200,0,0.0,奥瑞德,1,1,27.907,0.324
2016-10-13,28.21,28.21,1200,33852.0,33876.0,000555.XSHE,24.0,1200,1200,0,0.0,神州信息,1,1,27.082,0.328
2016-10-13,3.83,3.83,9100,34853.0,34125.0,603993.XSHG,-728.0,9100,9100,0,0.0,洛阳钼业,1,1,27.882,0.33
2016-10-14,29.07,29.07,1200,34884.0,33372.0,600666.XSHG,-1512.0,1200,1200,0,0.0,奥瑞德,1,1,27.907,0.325
2016-10-14,28.21,28.21,1200,33852.0,33756.0,000555.XSHE,-96.0,1200,1200,0,0.0,神州信息,1,1,27.082,0.328
2016-10-14,3.83,3.83,9100,34853.0,33852.0,603993.XSHG,-1001.0,9100,9100,0,0.0,洛阳钼业,1,1,27.882,0.329
2016-10-17,29.07,29.07,1200,34884.0,33216.0,600666.XSHG,-1668.0,1200,1200,0,0.0,奥瑞德,1,1,27.907,0.324
2016-10-17,28.21,28.21,1200,33852.0,33600.0,000555.XSHE,-252.0,1200,1200,0,0.0,神州信息,1,1,27.082,0.328
2016-10-17,3.83,3.83,9100,34853.0,33943.0,603993.XSHG,-910.0,9100,9100,0,0.0,洛阳钼业,1,1,27.882,0.331
2016-10-18,29.07,29.07,1200,34884.0,33792.0,600666.XSHG,-1092.0,1200,1200,0,0.0,奥瑞德,1,1,27.907,0.326
2016-10-18,28.21,28.21,1200,33852.0,33852.0,000555.XSHE,0.0,1200,1200,0,0.0,神州信息,1,1,27.082,0.326
2016-10-18,3.83,3.83,9100,34853.0,34216.0,603993.XSHG,-637.0,9100,9100,0,0.0,洛阳钼业,1,1,27.882,0.33
2016-10-19,29.07,29.07,1200,34884.0,34080.0,600666.XSHG,-804.0,1200,1200,0,0.0,奥瑞德,1,1,27.907,0.324
2016-10-19,28.21,28.21,1200,33852.0,33456.0,000555.XSHE,-396.0,1200,1200,0,0.0,神州信息,1,1,27.082,0.318
2016-10-19,3.83,3.83,9100,34853.0,35854.0,603993.XSHG,1001.0,9100,9100,0,0.0,洛阳钼业,1,1,27.882,0.341
2016-10-20,29.07,29.07,1200,34884.0,33780.0,600666.XSHG,-1104.0,1200,1200,0,0.0,奥瑞德,1,1,27.907,0.321
2016-10-20,28.21,28.21,1200,33852.0,34080.0,000555.XSHE,228.0,1200,1200,0,0.0,神州信息,1,1,27.082,0.324
2016-10-20,3.83,3.83,9100,34853.0,35399.0,603993.XSHG,546.0,9100,9100,0,0.0,洛阳钼业,1,1,27.882,0.337
2016-10-21,29.07,29.07,1200,34884.0,33252.0,600666.XSHG,-1632.0,1200,1200,0,0.0,奥瑞德,1,1,27.907,0.32
2016-10-21,28.21,28.21,1200,33852.0,33708.0,000555.XSHE,-144.0,1200,1200,0,0.0,神州信息,1,1,27.082,0.324
2016-10-21,3.83,3.83,9100,34853.0,35126.0,603993.XSHG,273.0,9100,9100,0,0.0,洛阳钼业,1,1,27.882,0.338
2016-10-24,29.07,29.07,1200,34884.0,33660.0,600666.XSHG,-1224.0,1200,1200,0,0.0,奥瑞德,1,1,27.907,0.322
2016-10-24,28.21,28.21,1200,33852.0,33636.0,000555.XSHE,-216.0,1200,1200,0,0.0,神州信息,1,1,27.082,0.322
2016-10-24,3.83,3.83,9100,34853.0,35308.0,603993.XSHG,455.0,9100,9100,0,0.0,洛阳钼业,1,1,27.882,0.338
2016-10-25,29.07,29.07,1200,34884.0,33672.0,600666.XSHG,-1212.0,1200,1200,0,0.0,奥瑞德,1,1,27.907,0.322
2016-10-25,28.21,28.21,1200,33852.0,33696.0,000555.XSHE,-156.0,1200,1200,0,0.0,神州信息,1,1,27.082,0.322
2016-10-25,3.83,3.83,9100,34853.0,35399.0,603993.XSHG,546.0,9100,9100,0,0.0,洛阳钼业,1,1,27.882,0.338
2016-10-26,29.07,29.07,1200,34884.0,33720.0,600666.XSHG,-1164.0,1200,1200,0,0.0,奥瑞德,1,1,27.907,0.325
2016-10-26,28.21,28.21,1200,33852.0,33000.0,000555.XSHE,-852.0,1200,1200,0,0.0,神州信息,1,1,27.082,0.318
2016-10-26,3.83,3.83,9100,34853.0,35126.0,603993.XSHG,273.0,9100,9100,0,0.0,洛阳钼业,1,1,27.882,0.339
2016-10-27,29.07,29.07,1200,34884.0,0.0,600666.XSHG,-1272.0,0,0,1200,33612.0,奥瑞德,2,2,88.409,0.0
2016-10-27,11.12,11.12,3000,33359.7,33359.7,000402.XSHE,0.0,3000,3000,0,0.0,金融街,1,1,26.688,0.324
2016-10-27,25.74,25.74,1300,33461.87,33461.87,002299.XSHE,0.0,1300,1300,0,0.0,圣农发展,1,1,26.769,0.325
2016-10-27,62.71,62.71,500,31355.0,31355.0,300017.XSHE,0.0,500,500,0,0.0,网宿科技,1,1,25.084,0.305
2016-10-27,28.21,28.21,1200,33852.0,0.0,000555.XSHE,-972.0,0,0,1200,32880.0,神州信息,2,2,86.266,0.0
2016-10-27,3.83,3.83,9100,34853.0,0.0,603993.XSHG,0.0,0,0,9100,34853.0,洛阳钼业,2,2,90.618,0.0
2016-10-28,62.71,62.71,500,31355.0,31485.0,300017.XSHE,130.0,500,500,0,0.0,网宿科技,1,1,25.084,0.303
2016-10-28,25.74,25.74,1300,33461.87,34164.0,002299.XSHE,702.13,1300,1300,0,0.0,圣农发展,1,1,26.769,0.329
2016-10-28,11.12,11.12,3000,33359.7,33390.0,000402.XSHE,30.3,3000,3000,0,0.0,金融街,1,1,26.688,0.322
2016-10-31,62.71,62.71,500,31355.0,31280.0,300017.XSHE,-75.0,500,500,0,0.0,网宿科技,1,1,25.084,0.301
2016-10-31,25.74,25.74,1300,33461.87,34268.0,002299.XSHE,806.13,1300,1300,0,0.0,圣农发展,1,1,26.769,0.329
2016-10-31,11.12,11.12,3000,33359.7,33780.0,000402.XSHE,420.3,3000,3000,0,0.0,金融街,1,1,26.688,0.325
2016-11-01,62.71,62.71,500,31355.0,31175.0,300017.XSHE,-180.0,500,500,0,0.0,网宿科技,1,1,25.084,0.296
2016-11-01,25.74,25.74,1300,33461.87,35204.0,002299.XSHE,1742.13,1300,1300,0,0.0,圣农发展,1,1,26.769,0.334
2016-11-01,11.12,11.12,3000,33359.7,34200.0,000402.XSHE,840.3,3000,3000,0,0.0,金融街,1,1,26.688,0.325
2016-11-02,62.71,62.71,500,31355.0,30970.0,300017.XSHE,-385.0,500,500,0,0.0,网宿科技,1,1,25.084,0.298
2016-11-02,25.74,25.74,1300,33461.87,34801.0,002299.XSHE,1339.13,1300,1300,0,0.0,圣农发展,1,1,26.769,0.335
2016-11-02,11.12,11.12,3000,33359.7,33420.0,000402.XSHE,60.3,3000,3000,0,0.0,金融街,1,1,26.688,0.322
2016-11-03,62.71,62.71,500,31355.0,30640.0,300017.XSHE,-715.0,500,500,0,0.0,网宿科技,1,1,25.084,0.297
2016-11-03,25.74,25.74,1300,33461.87,34398.0,002299.XSHE,936.13,1300,1300,0,0.0,圣农发展,1,1,26.769,0.333
2016-11-03,11.12,11.12,3000,33359.7,33390.0,000402.XSHE,30.3,3000,3000,0,0.0,金融街,1,1,26.688,0.324
2016-11-04,62.71,62.71,500,31355.0,29765.0,300017.XSHE,-1590.0,500,500,0,0.0,网宿科技,1,1,25.084,0.292
2016-11-04,25.74,25.74,1300,33461.87,34372.0,002299.XSHE,910.13,1300,1300,0,0.0,圣农发展,1,1,26.769,0.337
2016-11-04,11.12,11.12,3000,33359.7,33030.0,000402.XSHE,-329.7,3000,3000,0,0.0,金融街,1,1,26.688,0.324
2016-11-07,62.71,62.71,500,31355.0,29080.0,300017.XSHE,-2275.0,500,500,0,0.0,网宿科技,1,1,25.084,0.285
2016-11-07,25.74,25.74,1300,33461.87,34437.0,002299.XSHE,975.13,1300,1300,0,0.0,圣农发展,1,1,26.769,0.338
2016-11-07,11.12,11.12,3000,33359.7,33690.0,000402.XSHE,330.3,3000,3000,0,0.0,金融街,1,1,26.688,0.33
2016-11-08,62.71,62.71,500,31355.0,29650.0,300017.XSHE,-1705.0,500,500,0,0.0,网宿科技,1,1,25.084,0.29
2016-11-08,25.74,25.74,1300,33461.87,34255.0,002299.XSHE,793.13,1300,1300,0,0.0,圣农发展,1,1,26.769,0.335
2016-11-08,11.12,11.12,3000,33359.7,33480.0,000402.XSHE,120.3,3000,3000,0,0.0,金融街,1,1,26.688,0.328
2016-11-09,62.71,62.71,500,31355.0,29710.0,300017.XSHE,-1645.0,500,500,0,0.0,网宿科技,1,1,25.084,0.292
2016-11-09,25.74,25.74,1300,33461.87,33930.0,002299.XSHE,468.13,1300,1300,0,0.0,圣农发展,1,1,26.769,0.333
2016-11-09,11.12,11.12,3000,33359.7,33510.0,000402.XSHE,150.3,3000,3000,0,0.0,金融街,1,1,26.688,0.329
2016-11-10,62.71,62.71,500,31355.0,29830.0,300017.XSHE,-1525.0,500,500,0,0.0,网宿科技,1,1,25.084,0.29
2016-11-10,25.74,25.74,1300,33461.87,34541.0,002299.XSHE,1079.13,1300,1300,0,0.0,圣农发展,1,1,26.769,0.336
2016-11-10,11.12,11.12,3000,33359.7,33690.0,000402.XSHE,330.3,3000,3000,0,0.0,金融街,1,1,26.688,0.328
2016-11-11,62.71,62.71,500,31355.0,29850.0,300017.XSHE,-1505.0,500,500,0,0.0,网宿科技,1,1,25.084,0.291
2016-11-11,25.74,25.74,1300,33461.87,34502.0,002299.XSHE,1040.13,1300,1300,0,0.0,圣农发展,1,1,26.769,0.336
2016-11-11,11.12,11.12,3000,33359.7,33450.0,000402.XSHE,90.3,3000,3000,0,0.0,金融街,1,1,26.688,0.326
2016-11-14,62.71,62.71,500,31355.0,29950.0,300017.XSHE,-1405.0,500,500,0,0.0,网宿科技,1,1,25.084,0.291
2016-11-14,25.74,25.74,1300,33461.87,34749.0,002299.XSHE,1287.13,1300,1300,0,0.0,圣农发展,1,1,26.769,0.338
2016-11-14,11.12,11.12,3000,33359.7,33330.0,000402.XSHE,-29.7,3000,3000,0,0.0,金融街,1,1,26.688,0.324
2016-11-15,62.71,62.71,500,31355.0,30315.0,300017.XSHE,-1040.0,500,500,0,0.0,网宿科技,1,1,25.084,0.291
2016-11-15,25.74,25.74,1300,33461.87,35126.0,002299.XSHE,1664.13,1300,1300,0,0.0,圣农发展,1,1,26.769,0.338
2016-11-15,11.12,11.12,3000,33359.7,33869.7,000402.XSHE,510.0,3000,3000,0,0.0,金融街,1,1,26.688,0.326
2016-11-16,62.71,62.71,500,31355.0,30255.0,300017.XSHE,-1100.0,500,500,0,0.0,网宿科技,1,1,25.084,0.292
2016-11-16,25.74,25.74,1300,33461.87,34580.0,002299.XSHE,1118.13,1300,1300,0,0.0,圣农发展,1,1,26.769,0.334
2016-11-16,11.12,11.12,3000,33359.7,34050.0,000402.XSHE,690.3,3000,3000,0,0.0,金融街,1,1,26.688,0.329
2016-11-17,62.71,62.71,500,31355.0,29440.0,300017.XSHE,-1915.0,500,500,0,0.0,网宿科技,1,1,25.084,0.284
2016-11-17,25.74,25.74,1300,33461.87,34931.0,002299.XSHE,1469.13,1300,1300,0,0.0,圣农发展,1,1,26.769,0.337
2016-11-17,11.12,11.12,3000,33359.7,34650.0,000402.XSHE,1290.3,3000,3000,0,0.0,金融街,1,1,26.688,0.334
2016-11-18,62.71,62.71,500,31355.0,29520.0,300017.XSHE,-1835.0,500,500,0,0.0,网宿科技,1,1,25.084,0.285
2016-11-18,25.74,25.74,1300,33461.87,34567.0,002299.XSHE,1105.13,1300,1300,0,0.0,圣农发展,1,1,26.769,0.334
2016-11-18,11.12,11.12,3000,33359.7,34619.7,000402.XSHE,1260.0,3000,3000,0,0.0,金融街,1,1,26.688,0.335
2016-11-21,62.71,62.71,500,31355.0,29300.0,300017.XSHE,-2055.0,500,500,0,0.0,网宿科技,1,1,25.084,0.289
2016-11-21,25.74,25.74,1300,33461.87,32461.0,002299.XSHE,-1000.87,1300,1300,0,0.0,圣农发展,1,1,26.769,0.32
2016-11-21,11.12,11.12,3000,33359.7,34830.0,000402.XSHE,1470.3,3000,3000,0,0.0,金融街,1,1,26.688,0.344
2016-11-22,62.71,62.71,500,31355.0,29840.0,300017.XSHE,-1515.0,500,500,0,0.0,网宿科技,1,1,25.084,0.294
2016-11-22,25.74,25.74,1300,33461.87,32045.0,002299.XSHE,-1416.87,1300,1300,0,0.0,圣农发展,1,1,26.769,0.316
2016-11-22,11.12,11.12,3000,33359.7,34830.0,000402.XSHE,1470.3,3000,3000,0,0.0,金融街,1,1,26.688,0.343
2016-11-23,62.71,62.71,500,31355.0,29500.0,300017.XSHE,-1855.0,500,500,0,0.0,网宿科技,1,1,25.084,0.289
2016-11-23,25.74,25.74,1300,33461.87,31836.87,002299.XSHE,-1625.0,1300,1300,0,0.0,圣农发展,1,1,26.769,0.312
2016-11-23,11.12,11.12,3000,33359.7,35880.0,000402.XSHE,2520.3,3000,3000,0,0.0,金融街,1,1,26.688,0.352
2016-11-24,62.71,62.71,500,31355.0,29460.0,300017.XSHE,-1895.0,500,500,0,0.0,网宿科技,1,1,25.084,0.288
2016-11-24,25.74,25.74,1300,33461.87,30680.0,002299.XSHE,-2781.87,1300,1300,0,0.0,圣农发展,1,1,26.769,0.3
2016-11-24,11.12,11.12,3000,33359.7,37350.0,000402.XSHE,3990.3,3000,3000,0,0.0,金融街,1,1,26.688,0.365
2016-11-25,62.71,62.71,500,31355.0,29870.0,300017.XSHE,-1485.0,500,500,0,0.0,网宿科技,1,1,25.084,0.295
2016-11-25,25.74,25.74,1300,33461.87,29705.0,002299.XSHE,-3756.87,1300,1300,0,0.0,圣农发展,1,1,26.769,0.293
2016-11-25,11.12,11.12,3000,33359.7,36900.0,000402.XSHE,3540.3,3000,3000,0,0.0,金融街,1,1,26.688,0.365
2016-11-28,62.71,62.71,500,31355.0,29970.0,300017.XSHE,-1385.0,500,500,0,0.0,网宿科技,1,1,25.084,0.295
2016-11-28,25.74,25.74,1300,33461.87,29718.0,002299.XSHE,-3743.87,1300,1300,0,0.0,圣农发展,1,1,26.769,0.293
2016-11-28,11.12,11.12,3000,33359.7,37170.0,000402.XSHE,3810.3,3000,3000,0,0.0,金融街,1,1,26.688,0.366
2016-11-29,62.71,62.71,500,31355.0,0.0,300017.XSHE,-1130.0,0,0,500,30225.0,网宿科技,2,2,79.489,0.0
2016-11-29,25.531,25.531,1400,35743.87,31948.0,002299.XSHE,-3795.87,1400,1400,0,0.0,圣农发展,2,2,31.769,0.314
2016-11-29,42.56,42.56,700,29792.0,29792.0,601021.XSHG,0.0,700,700,0,0.0,春秋航空,1,1,23.834,0.293
2016-11-29,11.12,11.12,3000,33359.7,0.0,000402.XSHE,3810.3,0,0,3000,37170.0,金融街,2,2,93.594,0.0
2016-11-29,38.05,38.05,800,30440.0,30440.0,300104.XSHE,0.0,800,800,0,0.0,乐视网,1,1,24.352,0.3
2016-11-30,25.531,25.531,1400,35743.87,31948.0,002299.XSHE,-3795.87,1400,1400,0,0.0,圣农发展,2,2,31.769,0.315
2016-11-30,42.56,42.56,700,29792.0,29463.0,601021.XSHG,-329.0,700,700,0,0.0,春秋航空,1,1,23.834,0.291
2016-11-30,38.05,38.05,800,30440.0,30416.0,300104.XSHE,-24.0,800,800,0,0.0,乐视网,1,1,24.352,0.3
2016-12-01,25.531,25.531,1400,35743.87,32410.0,002299.XSHE,-3333.87,1400,1400,0,0.0,圣农发展,2,2,31.769,0.321
2016-12-01,42.56,42.56,700,29792.0,28791.0,601021.XSHG,-1001.0,700,700,0,0.0,春秋航空,1,1,23.834,0.285
2016-12-01,38.05,38.05,800,30440.0,30440.0,300104.XSHE,0.0,800,800,0,0.0,乐视网,1,1,24.352,0.301
2016-12-02,25.531,25.531,1400,35743.87,32298.0,002299.XSHE,-3445.87,1400,1400,0,0.0,圣农发展,2,2,31.769,0.319
2016-12-02,42.56,42.56,700,29792.0,28504.0,601021.XSHG,-1288.0,700,700,0,0.0,春秋航空,1,1,23.834,0.281
2016-12-02,38.05,38.05,800,30440.0,31104.0,300104.XSHE,664.0,800,800,0,0.0,乐视网,1,1,24.352,0.307
2016-12-05,25.531,25.531,1400,35743.87,32452.0,002299.XSHE,-3291.87,1400,1400,0,0.0,圣农发展,2,2,31.769,0.319
2016-12-05,42.56,42.56,700,29792.0,28679.0,601021.XSHG,-1113.0,700,700,0,0.0,春秋航空,1,1,23.834,0.282
2016-12-05,38.05,38.05,800,30440.0,31080.0,300104.XSHE,640.0,800,800,0,0.0,乐视网,1,1,24.352,0.306
2016-12-06,25.531,25.531,1400,35743.87,32661.86,002299.XSHE,-3082.01,1400,1400,0,0.0,圣农发展,2,2,31.769,0.329
2016-12-06,42.56,42.56,700,29792.0,28665.0,601021.XSHG,-1127.0,700,700,0,0.0,春秋航空,1,1,23.834,0.288
2016-12-06,38.05,38.05,800,30440.0,28640.0,300104.XSHE,-1800.0,800,800,0,0.0,乐视网,1,1,24.352,0.288
2016-12-07,25.531,25.531,1400,35743.87,32760.0,002299.XSHE,-2983.87,1400,1400,0,0.0,圣农发展,2,2,31.769,0.329
2016-12-07,42.56,42.56,700,29792.0,28630.0,601021.XSHG,-1162.0,700,700,0,0.0,春秋航空,1,1,23.834,0.288
2016-12-07,38.05,38.05,800,30440.0,28640.0,300104.XSHE,-1800.0,800,800,0,0.0,乐视网,1,1,24.352,0.288
2016-12-08,25.531,25.531,1400,35743.87,32144.0,002299.XSHE,-3599.87,1400,1400,0,0.0,圣农发展,2,2,31.769,0.326
2016-12-08,42.56,42.56,700,29792.0,28420.0,601021.XSHG,-1372.0,700,700,0,0.0,春秋航空,1,1,23.834,0.288
2016-12-08,38.05,38.05,800,30440.0,28640.0,300104.XSHE,-1800.0,800,800,0,0.0,乐视网,1,1,24.352,0.29
2016-12-09,25.531,25.531,1400,35743.87,32130.0,002299.XSHE,-3613.87,1400,1400,0,0.0,圣农发展,2,2,31.769,0.327
2016-12-09,42.56,42.56,700,29792.0,28111.93,601021.XSHG,-1680.07,700,700,0,0.0,春秋航空,1,1,23.834,0.286
2016-12-09,38.05,38.05,800,30440.0,28640.0,300104.XSHE,-1800.0,800,800,0,0.0,乐视网,1,1,24.352,0.291
2016-12-12,25.531,25.531,1400,35743.87,30100.0,002299.XSHE,-5643.87,1400,1400,0,0.0,圣农发展,2,2,31.769,0.316
2016-12-12,42.56,42.56,700,29792.0,27027.0,601021.XSHG,-2765.0,700,700,0,0.0,春秋航空,1,1,23.834,0.284
2016-12-12,38.05,38.05,800,30440.0,28640.0,300104.XSHE,-1800.0,800,800,0,0.0,乐视网,1,1,24.352,0.301
2016-12-13,25.531,25.531,1400,35743.87,29848.0,002299.XSHE,-5895.87,1400,1400,0,0.0,圣农发展,2,2,31.769,0.316
2016-12-13,42.56,42.56,700,29792.0,26656.0,601021.XSHG,-3136.0,700,700,0,0.0,春秋航空,1,1,23.834,0.282
2016-12-13,38.05,38.05,800,30440.0,28640.0,300104.XSHE,-1800.0,800,800,0,0.0,乐视网,1,1,24.352,0.303
2016-12-14,25.531,25.531,1400,35743.87,29498.0,002299.XSHE,-6245.87,1400,1400,0,0.0,圣农发展,2,2,31.769,0.315
2016-12-14,42.56,42.56,700,29792.0,26019.0,601021.XSHG,-3773.0,700,700,0,0.0,春秋航空,1,1,23.834,0.278
2016-12-14,38.05,38.05,800,30440.0,28640.0,300104.XSHE,-1800.0,800,800,0,0.0,乐视网,1,1,24.352,0.306
2016-12-15,25.531,25.531,1400,35743.87,29498.0,002299.XSHE,-6245.87,1400,1400,0,0.0,圣农发展,2,2,31.769,0.315
2016-12-15,42.56,42.56,700,29792.0,26173.0,601021.XSHG,-3619.0,700,700,0,0.0,春秋航空,1,1,23.834,0.279
2016-12-15,38.05,38.05,800,30440.0,28640.0,300104.XSHE,-1800.0,800,800,0,0.0,乐视网,1,1,24.352,0.305
2016-12-16,25.531,25.531,1400,35743.87,30268.0,002299.XSHE,-5475.87,1400,1400,0,0.0,圣农发展,2,2,31.769,0.32
2016-12-16,42.56,42.56,700,29792.0,26138.0,601021.XSHG,-3654.0,700,700,0,0.0,春秋航空,1,1,23.834,0.277
2016-12-16,38.05,38.05,800,30440.0,28640.0,300104.XSHE,-1800.0,800,800,0,0.0,乐视网,1,1,24.352,0.303
2016-12-19,25.531,25.531,1400,35743.87,30450.0,002299.XSHE,-5293.87,1400,1400,0,0.0,圣农发展,2,2,31.769,0.321
2016-12-19,42.56,42.56,700,29792.0,26369.0,601021.XSHG,-3423.0,700,700,0,0.0,春秋航空,1,1,23.834,0.278
2016-12-19,38.05,38.05,800,30440.0,28640.0,300104.XSHE,-1800.0,800,800,0,0.0,乐视网,1,1,24.352,0.302
2016-12-20,25.531,25.531,1400,35743.87,29960.0,002299.XSHE,-5783.87,1400,1400,0,0.0,圣农发展,2,2,31.769,0.318
2016-12-20,42.56,42.56,700,29792.0,26103.0,601021.XSHG,-3689.0,700,700,0,0.0,春秋航空,1,1,23.834,0.277
2016-12-20,38.05,38.05,800,30440.0,28640.0,300104.XSHE,-1800.0,800,800,0,0.0,乐视网,1,1,24.352,0.304
2016-12-21,25.531,25.531,1400,35743.87,30506.0,002299.XSHE,-5237.87,1400,1400,0,0.0,圣农发展,2,2,31.769,0.321
2016-12-21,42.56,42.56,700,29792.0,26585.93,601021.XSHG,-3206.07,700,700,0,0.0,春秋航空,1,1,23.834,0.279
2016-12-21,38.05,38.05,800,30440.0,28640.0,300104.XSHE,-1800.0,800,800,0,0.0,乐视网,1,1,24.352,0.301
2016-12-22,25.531,25.531,1400,35743.87,30394.0,002299.XSHE,-5349.87,1400,1400,0,0.0,圣农发展,2,2,31.769,0.32
2016-12-22,42.56,42.56,700,29792.0,26355.0,601021.XSHG,-3437.0,700,700,0,0.0,春秋航空,1,1,23.834,0.278
2016-12-22,38.05,38.05,800,30440.0,28640.0,300104.XSHE,-1800.0,800,800,0,0.0,乐视网,1,1,24.352,0.302
2016-12-23,25.531,25.531,1400,35743.87,29890.0,002299.XSHE,-5853.87,1400,1400,0,0.0,圣农发展,2,2,31.769,0.318
2016-12-23,42.56,42.56,700,29792.0,25885.93,601021.XSHG,-3906.07,700,700,0,0.0,春秋航空,1,1,23.834,0.276
2016-12-23,38.05,38.05,800,30440.0,28640.0,300104.XSHE,-1800.0,800,800,0,0.0,乐视网,1,1,24.352,0.305
2016-12-26,25.531,25.531,1400,35743.87,29946.0,002299.XSHE,-5797.87,1400,1400,0,0.0,圣农发展,2,2,31.769,0.32
2016-12-26,42.56,42.56,700,29792.0,25599.0,601021.XSHG,-4193.0,700,700,0,0.0,春秋航空,1,1,23.834,0.273
2016-12-26,38.05,38.05,800,30440.0,28640.0,300104.XSHE,-1800.0,800,800,0,0.0,乐视网,1,1,24.352,0.306
2016-12-27,25.531,25.531,1400,35743.87,29638.0,002299.XSHE,-6105.87,1400,1400,0,0.0,圣农发展,2,2,31.769,0.318
2016-12-27,42.56,42.56,700,29792.0,25550.0,601021.XSHG,-4242.0,700,700,0,0.0,春秋航空,1,1,23.834,0.274
2016-12-27,38.05,38.05,800,30440.0,28640.0,300104.XSHE,-1800.0,800,800,0,0.0,乐视网,1,1,24.352,0.307
2016-12-28,25.531,25.531,1400,35743.87,29750.0,002299.XSHE,-5993.87,1400,1400,0,0.0,圣农发展,2,2,31.769,0.319
2016-12-28,42.56,42.56,700,29792.0,25333.0,601021.XSHG,-4459.0,700,700,0,0.0,春秋航空,1,1,23.834,0.272
2016-12-28,38.05,38.05,800,30440.0,28640.0,300104.XSHE,-1800.0,800,800,0,0.0,乐视网,1,1,24.352,0.307
2016-12-29,25.531,25.531,1400,35743.87,29708.0,002299.XSHE,-6035.87,1400,1400,0,0.0,圣农发展,2,2,31.769,0.318
2016-12-29,42.56,42.56,700,29792.0,25571.0,601021.XSHG,-4221.0,700,700,0,0.0,春秋航空,1,1,23.834,0.274
2016-12-29,38.05,38.05,800,30440.0,28640.0,300104.XSHE,-1800.0,800,800,0,0.0,乐视网,1,1,24.352,0.307
2016-12-30,0.0,0.0,0,0.0,0.0,002739.XSHE,0.0,0,0,0,0.0,万达院线,0,0,0.0,0.0
2016-12-30,38.05,38.05,800,30440.0,28640.0,300104.XSHE,-1800.0,800,800,0,0.0,乐视网,1,1,24.352,0.307
2016-12-30,25.531,25.531,1400,35743.87,0.0,002299.XSHE,-6035.87,0,0,1400,29708.0,圣农发展,3,3,85.244,0.0
2016-12-30,42.56,42.56,700,29792.0,0.0,601021.XSHG,-4074.0,0,0,700,25718.0,春秋航空,2,2,70.126,0.0
2016-12-30,4.85,4.85,6400,31040.0,31040.0,601225.XSHG,0.0,6400,6400,0,0.0,陕西煤业,1,1,24.832,0.332
2016-12-30,20.55,20.55,1500,30825.0,30825.0,000002.XSHE,0.0,1500,1500,0,0.0,万科A,1,1,24.66,0.33
2017-01-03,4.85,4.85,6400,31040.0,31232.0,601225.XSHG,192.0,6400,6400,0,0.0,陕西煤业,1,1,24.832,0.333
2017-01-03,20.55,20.55,1500,30825.0,31095.0,000002.XSHE,270.0,1500,1500,0,0.0,万科A,1,1,24.66,0.331
2017-01-03,38.05,38.05,800,30440.0,28640.0,300104.XSHE,-1800.0,800,800,0,0.0,乐视网,1,1,24.352,0.305
2017-01-04,4.85,4.85,6400,31040.0,31424.0,601225.XSHG,384.0,6400,6400,0,0.0,陕西煤业,1,1,24.832,0.334
2017-01-04,20.55,20.55,1500,30825.0,31275.0,000002.XSHE,450.0,1500,1500,0,0.0,万科A,1,1,24.66,0.332
2017-01-04,38.05,38.05,800,30440.0,28640.0,300104.XSHE,-1800.0,800,800,0,0.0,乐视网,1,1,24.352,0.304
2017-01-05,4.85,4.85,6400,31040.0,31616.0,601225.XSHG,576.0,6400,6400,0,0.0,陕西煤业,1,1,24.832,0.335
2017-01-05,20.55,20.55,1500,30825.0,31395.0,000002.XSHE,570.0,1500,1500,0,0.0,万科A,1,1,24.66,0.332
2017-01-05,38.05,38.05,800,30440.0,28640.0,300104.XSHE,-1800.0,800,800,0,0.0,乐视网,1,1,24.352,0.303
2017-01-06,4.85,4.85,6400,31040.0,31360.0,601225.XSHG,320.0,6400,6400,0,0.0,陕西煤业,1,1,24.832,0.334
2017-01-06,20.55,20.55,1500,30825.0,30960.0,000002.XSHE,135.0,1500,1500,0,0.0,万科A,1,1,24.66,0.33
2017-01-06,38.05,38.05,800,30440.0,28640.0,300104.XSHE,-1800.0,800,800,0,0.0,乐视网,1,1,24.352,0.305
2017-01-09,4.85,4.85,6400,31040.0,31296.0,601225.XSHG,256.0,6400,6400,0,0.0,陕西煤业,1,1,24.832,0.334
2017-01-09,20.55,20.55,1500,30825.0,30990.0,000002.XSHE,165.0,1500,1500,0,0.0,万科A,1,1,24.66,0.33
2017-01-09,38.05,38.05,800,30440.0,28640.0,300104.XSHE,-1800.0,800,800,0,0.0,乐视网,1,1,24.352,0.305
2017-01-10,4.85,4.85,6400,31040.0,31872.0,601225.XSHG,832.0,6400,6400,0,0.0,陕西煤业,1,1,24.832,0.338
2017-01-10,20.55,20.55,1500,30825.0,30869.85,000002.XSHE,44.85,1500,1500,0,0.0,万科A,1,1,24.66,0.328
2017-01-10,38.05,38.05,800,30440.0,28640.0,300104.XSHE,-1800.0,800,800,0,0.0,乐视网,1,1,24.352,0.304
2017-01-11,4.85,4.85,6400,31040.0,31872.0,601225.XSHG,832.0,6400,6400,0,0.0,陕西煤业,1,1,24.832,0.339
2017-01-11,20.55,20.55,1500,30825.0,30600.0,000002.XSHE,-225.0,1500,1500,0,0.0,万科A,1,1,24.66,0.326
2017-01-11,38.05,38.05,800,30440.0,28640.0,300104.XSHE,-1800.0,800,800,0,0.0,乐视网,1,1,24.352,0.305
2017-01-12,4.85,4.85,6400,31040.0,31808.0,601225.XSHG,768.0,6400,6400,0,0.0,陕西煤业,1,1,24.832,0.339
2017-01-12,20.55,20.55,1500,30825.0,30600.0,000002.XSHE,-225.0,1500,1500,0,0.0,万科A,1,1,24.66,0.326
2017-01-12,38.05,38.05,800,30440.0,28640.0,300104.XSHE,-1800.0,800,800,0,0.0,乐视网,1,1,24.352,0.305
2017-01-13,4.85,4.85,6400,31040.0,32256.0,601225.XSHG,1216.0,6400,6400,0,0.0,陕西煤业,1,1,24.832,0.334
2017-01-13,20.55,20.55,1500,30825.0,32715.0,000002.XSHE,1890.0,1500,1500,0,0.0,万科A,1,1,24.66,0.339
2017-01-13,38.05,38.05,800,30440.0,28640.0,300104.XSHE,-1800.0,800,800,0,0.0,乐视网,1,1,24.352,0.297
2017-01-16,4.85,4.85,6400,31040.0,33088.0,601225.XSHG,2048.0,6400,6400,0,0.0,陕西煤业,1,1,24.832,0.346
2017-01-16,20.55,20.55,1500,30825.0,31500.0,000002.XSHE,675.0,1500,1500,0,0.0,万科A,1,1,24.66,0.329
2017-01-16,38.05,38.05,800,30440.0,28320.0,300104.XSHE,-2120.0,800,800,0,0.0,乐视网,1,1,24.352,0.296
2017-01-17,4.85,4.85,6400,31040.0,32768.0,601225.XSHG,1728.0,6400,6400,0,0.0,陕西煤业,1,1,24.832,0.334
2017-01-17,20.55,20.55,1500,30825.0,31200.0,000002.XSHE,375.0,1500,1500,0,0.0,万科A,1,1,24.66,0.318
2017-01-17,38.05,38.05,800,30440.0,31152.0,300104.XSHE,712.0,800,800,0,0.0,乐视网,1,1,24.352,0.318
2017-01-18,4.85,4.85,6400,31040.0,33792.0,601225.XSHG,2752.0,6400,6400,0,0.0,陕西煤业,1,1,24.832,0.343
2017-01-18,20.55,20.55,1500,30825.0,31380.0,000002.XSHE,555.0,1500,1500,0,0.0,万科A,1,1,24.66,0.318
2017-01-18,38.05,38.05,800,30440.0,30504.0,300104.XSHE,64.0,800,800,0,0.0,乐视网,1,1,24.352,0.31
2017-01-19,4.85,4.85,6400,31040.0,33920.0,601225.XSHG,2880.0,6400,6400,0,0.0,陕西煤业,1,1,24.832,0.345
2017-01-19,20.55,20.55,1500,30825.0,30900.0,000002.XSHE,75.0,1500,1500,0,0.0,万科A,1,1,24.66,0.315
2017-01-19,38.05,38.05,800,30440.0,30504.0,300104.XSHE,64.0,800,800,0,0.0,乐视网,1,1,24.352,0.311
2017-01-20,4.85,4.85,6400,31040.0,33536.0,601225.XSHG,2496.0,6400,6400,0,0.0,陕西煤业,1,1,24.832,0.339
2017-01-20,20.55,20.55,1500,30825.0,31020.0,000002.XSHE,195.0,1500,1500,0,0.0,万科A,1,1,24.66,0.314
2017-01-20,38.05,38.05,800,30440.0,31480.0,300104.XSHE,1040.0,800,800,0,0.0,乐视网,1,1,24.352,0.318
2017-01-23,4.85,4.85,6400,31040.0,33920.0,601225.XSHG,2880.0,6400,6400,0,0.0,陕西煤业,1,1,24.832,0.342
2017-01-23,20.55,20.55,1500,30825.0,31109.85,000002.XSHE,284.85,1500,1500,0,0.0,万科A,1,1,24.66,0.314
2017-01-23,38.05,38.05,800,30440.0,31200.0,300104.XSHE,760.0,800,800,0,0.0,乐视网,1,1,24.352,0.315
2017-01-24,4.85,4.85,6400,31040.0,34496.0,601225.XSHG,3456.0,6400,6400,0,0.0,陕西煤业,1,1,24.832,0.351
2017-01-24,20.55,20.55,1500,30825.0,31035.0,000002.XSHE,210.0,1500,1500,0,0.0,万科A,1,1,24.66,0.316
2017-01-24,38.05,38.05,800,30440.0,29952.0,300104.XSHE,-488.0,800,800,0,0.0,乐视网,1,1,24.352,0.305
2017-01-25,4.85,4.85,6400,31040.0,33727.36,601225.XSHG,2687.36,6400,6400,0,0.0,陕西煤业,1,1,24.832,0.348
2017-01-25,20.55,20.55,1500,30825.0,30915.0,000002.XSHE,90.0,1500,1500,0,0.0,万科A,1,1,24.66,0.319
2017-01-25,38.05,38.05,800,30440.0,29448.0,300104.XSHE,-992.0,800,800,0,0.0,乐视网,1,1,24.352,0.304
2017-01-26,4.85,4.85,6400,31040.0,33920.0,601225.XSHG,2880.0,6400,6400,0,0.0,陕西煤业,1,1,24.832,0.349
2017-01-26,20.55,20.55,1500,30825.0,31020.0,000002.XSHE,195.0,1500,1500,0,0.0,万科A,1,1,24.66,0.32
2017-01-26,38.05,38.05,800,30440.0,29280.0,300104.XSHE,-1160.0,800,800,0,0.0,乐视网,1,1,24.352,0.302
2017-02-03,4.85,4.85,6400,31040.0,33152.0,601225.XSHG,2112.0,6400,6400,0,0.0,陕西煤业,1,1,24.832,0.344
2017-02-03,20.55,20.55,1500,30825.0,31020.0,000002.XSHE,195.0,1500,1500,0,0.0,万科A,1,1,24.66,0.322
2017-02-03,38.05,38.05,800,30440.0,29376.0,300104.XSHE,-1064.0,800,800,0,0.0,乐视网,1,1,24.352,0.305
2017-02-06,4.85,4.85,6400,31040.0,33216.0,601225.XSHG,2176.0,6400,6400,0,0.0,陕西煤业,1,1,24.832,0.344
2017-02-06,20.55,20.55,1500,30825.0,31065.0,000002.XSHE,240.0,1500,1500,0,0.0,万科A,1,1,24.66,0.322
2017-02-06,38.05,38.05,800,30440.0,29336.0,300104.XSHE,-1104.0,800,800,0,0.0,乐视网,1,1,24.352,0.304
2017-02-07,4.85,4.85,6400,31040.0,33536.0,601225.XSHG,2496.0,6400,6400,0,0.0,陕西煤业,1,1,24.832,0.349
2017-02-07,20.55,20.55,1500,30825.0,30960.0,000002.XSHE,135.0,1500,1500,0,0.0,万科A,1,1,24.66,0.322
2017-02-07,38.05,38.05,800,30440.0,28832.0,300104.XSHE,-1608.0,800,800,0,0.0,乐视网,1,1,24.352,0.3
2017-02-08,4.85,4.85,6400,31040.0,34048.0,601225.XSHG,3008.0,6400,6400,0,0.0,陕西煤业,1,1,24.832,0.351
2017-02-08,20.55,20.55,1500,30825.0,31035.0,000002.XSHE,210.0,1500,1500,0,0.0,万科A,1,1,24.66,0.32
2017-02-08,38.05,38.05,800,30440.0,29048.0,300104.XSHE,-1392.0,800,800,0,0.0,乐视网,1,1,24.352,0.299
2017-02-09,20.55,20.55,1500,30825.0,31200.0,000002.XSHE,375.0,1500,1500,0,0.0,万科A,1,1,24.66,0.32
2017-02-09,4.85,4.85,6400,31040.0,0.0,601225.XSHG,3520.0,0,0,6400,34560.0,陕西煤业,2,2,87.04,0.0
2017-02-09,7.32,7.32,4400,32208.0,32208.0,000718.XSHE,0.0,4400,4400,0,0.0,苏宁环球,1,1,25.766,0.33
2017-02-09,0.0,0.0,0,0.0,0.0,002426.XSHE,0.0,0,0,0,0.0,胜利精密,0,0,0.0,0.0
2017-02-09,38.05,38.05,800,30440.0,0.0,300104.XSHE,-1352.0,0,0,800,29088.0,乐视网,2,2,76.71,0.0
2017-02-10,20.55,20.55,1500,30825.0,30990.0,000002.XSHE,165.0,1500,1500,0,0.0,万科A,1,1,24.66,0.317
2017-02-10,7.32,7.32,4400,32208.0,32604.0,000718.XSHE,396.0,4400,4400,0,0.0,苏宁环球,1,1,25.766,0.334
2017-02-13,20.55,20.55,1500,30825.0,31155.0,000002.XSHE,330.0,1500,1500,0,0.0,万科A,1,1,24.66,0.317
2017-02-13,7.32,7.32,4400,32208.0,33044.0,000718.XSHE,836.0,4400,4400,0,0.0,苏宁环球,1,1,25.766,0.336
2017-02-14,20.55,20.55,1500,30825.0,31365.0,000002.XSHE,540.0,1500,1500,0,0.0,万科A,1,1,24.66,0.32
2017-02-14,7.32,7.32,4400,32208.0,32472.0,000718.XSHE,264.0,4400,4400,0,0.0,苏宁环球,1,1,25.766,0.331
2017-02-15,20.55,20.55,1500,30825.0,31005.0,000002.XSHE,180.0,1500,1500,0,0.0,万科A,1,1,24.66,0.319
2017-02-15,7.32,7.32,4400,32208.0,32076.0,000718.XSHE,-132.0,4400,4400,0,0.0,苏宁环球,1,1,25.766,0.33
2017-02-16,20.55,20.55,1500,30825.0,31020.0,000002.XSHE,195.0,1500,1500,0,0.0,万科A,1,1,24.66,0.319
2017-02-16,7.32,7.32,4400,32208.0,32120.0,000718.XSHE,-88.0,4400,4400,0,0.0,苏宁环球,1,1,25.766,0.33
2017-02-17,20.55,20.55,1500,30825.0,30810.0,000002.XSHE,-15.0,1500,1500,0,0.0,万科A,1,1,24.66,0.319
2017-02-17,7.32,7.32,4400,32208.0,31548.0,000718.XSHE,-660.0,4400,4400,0,0.0,苏宁环球,1,1,25.766,0.327
2017-02-20,20.55,20.55,1500,30825.0,30915.0,000002.XSHE,90.0,1500,1500,0,0.0,万科A,1,1,24.66,0.319
2017-02-20,7.32,7.32,4400,32208.0,31988.0,000718.XSHE,-220.0,4400,4400,0,0.0,苏宁环球,1,1,25.766,0.33
2017-02-21,20.55,20.55,1500,30825.0,31470.0,000002.XSHE,645.0,1500,1500,0,0.0,万科A,1,1,24.66,0.321
2017-02-21,7.32,7.32,4400,32208.0,32384.0,000718.XSHE,176.0,4400,4400,0,0.0,苏宁环球,1,1,25.766,0.33
2017-02-22,20.55,20.55,1500,30825.0,31350.0,000002.XSHE,525.0,1500,1500,0,0.0,万科A,1,1,24.66,0.32
2017-02-22,7.32,7.32,4400,32208.0,32560.0,000718.XSHE,352.0,4400,4400,0,0.0,苏宁环球,1,1,25.766,0.332
2017-02-23,20.55,20.55,1500,30825.0,31185.0,000002.XSHE,360.0,1500,1500,0,0.0,万科A,1,1,24.66,0.318
2017-02-23,7.32,7.32,4400,32208.0,32648.0,000718.XSHE,440.0,4400,4400,0,0.0,苏宁环球,1,1,25.766,0.333
2017-02-24,20.55,20.55,1500,30825.0,31080.0,000002.XSHE,255.0,1500,1500,0,0.0,万科A,1,1,24.66,0.317
2017-02-24,7.32,7.32,4400,32208.0,32736.0,000718.XSHE,528.0,4400,4400,0,0.0,苏宁环球,1,1,25.766,0.334
2017-02-27,20.55,20.55,1500,30825.0,30780.0,000002.XSHE,-45.0,1500,1500,0,0.0,万科A,1,1,24.66,0.316
2017-02-27,7.32,7.32,4400,32208.0,32560.0,000718.XSHE,352.0,4400,4400,0,0.0,苏宁环球,1,1,25.766,0.334
2017-02-28,20.55,20.55,1500,30825.0,30795.0,000002.XSHE,-30.0,1500,1500,0,0.0,万科A,1,1,24.66,0.316
2017-02-28,7.32,7.32,4400,32208.0,32560.0,000718.XSHE,352.0,4400,4400,0,0.0,苏宁环球,1,1,25.766,0.334
2017-03-01,20.55,20.55,1500,30825.0,30750.0,000002.XSHE,-75.0,1500,1500,0,0.0,万科A,1,1,24.66,0.315
2017-03-01,7.32,7.32,4400,32208.0,32604.0,000718.XSHE,396.0,4400,4400,0,0.0,苏宁环球,1,1,25.766,0.334
